PID,univ_dist
909176150,0.8843346122062871
905476230,1.2538923952067398
911128020,2.909693215166353
535377150,3.2626350911079434
534177230,2.468133373159625
908128060,2.1692945633141303
902135020,3.038043464662254
528228540,4.1593832105749495
923426010,5.776598559606499
908186050,1.9029737181487412
528186170,
923426070,5.856102101996372
902204080,3.3652471252466194
535105100,3.5654130124995724
907405020,3.4277585127848247
531382110,3.5265350398290396
906380120,3.3552941310174456
909101060,0.8253535381640339
534152050,2.1202130513871866
923252075,5.552723102996756
531376060,3.7390283392026964
902201120,3.3947702713599193
923228080,5.35148200537019
902326030,3.0306732772655374
527451330,3.321885909349593
528218100,3.967584521887571
916386140,3.4772124450864172
533221090,2.2232334541991
534128010,2.860249114040652
528106110,3.961378531969354
902206260,3.2084624149068692
528222090,4.1270043690500735
528218150,4.062365581381309
903400180,1.799418233244118
535453210,3.67944920335716
916386010,3.440985871729668
907181090,3.6950950974745864
902206020,3.2481623280986196
527327050,3.4464394497636124
527455250,3.166733996751755
528326110,3.2916253057311207
914452190,4.9290924617193435
535425060,3.967101837520521
532376250,2.2537026268264664
535379110,3.076127499034815
528118010,3.873869405107607
528235160,3.7430483561432415
905478030,1.0094358007203694
902106130,2.42573351408886
902102080,2.848631008570175
909176170,0.870904776843966
533206070,2.3596743177308097
527302020,3.370823938755389
907414060,3.4070728178333214
904301060,0.8626774996802393
532479020,1.3540592574348451
528110070,4.0818572743851576
534429130,2.6884689606266527
528365060,2.6658011622444144
533135020,2.3764487544096347
910203100,1.7988947594268343
905451390,1.5630340857375697
533213010,2.3582713360546426
528118030,3.871534579810356
907200340,3.296953950674574
528164060,3.647090848714554
907202010,3.224580571184512
528186180,
909250060,0.8045939651121644
528315060,3.1341554239918072
528231020,3.7851056090817856
528456230,2.7770838244524128
907180120,3.7616598111165547
911370410,3.313895019498929
527108090,4.229634520451534
528222050,4.015382295229017
528429110,
902328100,2.7682930041507694
527451410,3.330022406281026
531477050,
914476130,5.182787291623501
535453020,3.73309038790278
535379100,3.0744136430526274
905108190,1.9662660319432437
905201110,1.551073023283226
903227090,2.233255619201819
905107300,2.0814129138417257
903401070,1.9208878295453433
903230100,2.0656385934374333
527105010,3.8925346749919947
528480020,2.9087894833341577
527402130,3.7167691382264367
909251080,0.9508747681886744
908201120,1.5291227686478066
533221080,2.2232160889642456
535178100,3.2462549269161625
535457050,3.597739362762787
923226270,5.3269407984511234
535105090,3.5715149651360063
533253070,1.865023737883839
907280170,2.858279679327079
914476450,5.018463560211485
535327200,3.315618614857899
528441090,3.040614229988659
906426195,2.537862811896019
534275170,2.7230074949162293
923226180,5.340637639061276
923226320,5.320264034293487
528118050,3.869996727720032
916253320,
904300150,0.8714377757078378
533236050,2.3818879307924434
527354160,3.1192350890736704
528435040,3.129932912177737
534129230,2.8744404082055146
535325350,3.2609909040871243
902408080,3.312348867160092
916455050,3.2438555616103852
909276200,0.9860210183936542
534277060,3.0496152784504833
905107280,2.087730049192066
923204050,5.13454198158178
531376050,3.7394730566034986
903454010,1.7793659609601933
906412010,3.1847867877709066
535301060,3.086896732337897
534453080,1.994631027068053
911102180,2.687967775526208
535403210,3.561586504302926
531382120,3.522767833080336
916455120,3.4123057908122014
905475510,1.2235598205201803
916326090,2.8315132940958474
909101140,0.753574430497611
907260050,3.4146316043084446
907131090,3.5236339217916246
903206160,1.8348289811819383
528222020,3.955683094267425
526352090,3.7557151138992846
534201280,2.8376815758279723
908102330,2.389009921414605
906385010,3.6786833976622937
534276230,2.8168906797006636
906420020,2.7870361867700653
527404120,3.516324603444878
907192010,3.5328502067387757
527131030,4.174049848293432
527452290,2.998583090124809
907250030,3.360148755521525
909251040,0.9358475899224188
535377100,3.2530415864548146
528174050,3.6923677796485648
533128090,
533250110,2.0681402816480183
908186040,1.8978334509612325
903231050,2.177500433172337
908152110,2.3440565943046647
535476110,3.9274825096119232
533250050,2.059974804058368
535325340,3.2649072433502475
909475050,1.7191922884094364
907196020,3.464816723788123
533130160,2.1943508887586445
535102010,3.6336568212276075
531475220,3.104669225313214
527325070,3.335542013038544
911175440,2.914203629615286
903226160,2.1597487186526885
902134100,2.88236168811107
902111010,2.774426709822231
535381040,3.0151884397511317
910202060,1.9704981916901658
535477180,3.846557922930293
528429120,
908127050,1.9783784248285519
528439010,3.0326353554348846
906223110,2.828980593634117
528358010,2.852585234666894
532378160,1.9944685351225717
531450040,3.4775939553155935
527326040,3.402742634481824
903204095,2.058990211752462
527182170,3.891245246618801
905105040,2.319948851037392
528477020,2.9274752395585804
905202210,1.6709948398638637
903425190,2.1362141762191
535150210,3.144915746549155
535453160,3.642774065960659
535353130,2.6178608220130593
535456070,3.5149727155792405
908250090,1.7371451728114848
527452070,3.2233697204757106
902325100,2.7770097073388404
921126030,3.797476509236729
905401060,1.483169565681144
916402125,2.964592079397567
531452010,3.251076934996053
528363070,2.8576763199905715
533208090,2.399982604940438
534401130,2.145473188675675
910203230,1.6958834181307656
907420090,3.2012220246143106
902303100,2.493106777746534
906392120,3.368305922005135
903484080,2.073903798616451
527301320,3.1839673954869916
527140090,3.9973081317225287
909428170,1.6540512219868737
905228050,1.1447907225389495
533234020,2.3055639618807326
533212100,2.383592361678346
534475185,2.1310611246706888
905452150,1.444354678950366
528176010,3.514543847336934
535450160,3.44538443800638
533215040,2.263500854405729
528104010,4.128562995100826
535325090,3.3622822600777504
909250210,0.823807086809545
527325110,3.440324146999701
910202030,1.9549126964112984
535175180,3.464300551941731
534202160,2.9208656406621856
916403020,3.134686658861127
535354100,2.773079265001678
905227050,1.2637113011928687
534451020,1.977161505171502
533120030,2.3862519545710312
905352010,
905108220,1.963279658060736
527165170,3.661550843846484
535353190,2.5803246746846744
528315070,3.1393425894294023
903232060,2.261721873206688
906204180,2.999555185590864
906475110,2.79026182299427
906223040,2.856787051095427
909253190,1.0461104126516003
923400150,5.64442973822297
923226290,5.324147405394619
909282020,1.2154502065655062
528110110,4.063318106428319
534479320,2.573602695989824
528150110,3.7837319758615267
906380160,3.5480339098278644
911370460,3.323270022062343
535477090,3.8970979542288817
534478230,2.435390151891162
906426060,2.755304424931203
528235190,3.8365588478064776
923225440,5.300977406274298
923276030,5.568545170988877
909425060,1.3689090356330058
902332030,3.0176001984754013
528188060,
527105140,3.911761496229971
535477150,3.886592216889128
535327210,3.355344169964008
533213070,2.3301862677930183
904100100,
528188120,
528480180,2.824343504568248
528114040,3.9426296523160884
528235020,3.913369069481012
908275110,1.5151218783695086
905103140,2.2589434380704585
902402260,3.3237316957713965
528235200,3.842651850258929
528181060,3.581952981221589
923275200,5.590291080517716
903451110,1.6888012471197593
528181040,3.575672871284843
908102110,2.469815041134717
533217050,2.3156875420178604
533350090,1.4506572150302366
528445070,2.998731568183251
527212040,4.154354082827432
907200270,3.2801745556928457
908201040,1.4212291676828201
907410100,3.174609170368628
903481120,2.041080343282119
535453180,3.6730656672530677
907227110,2.900455573003012
531453010,3.1539142033968828
531478010,2.9407722227730964
535403200,3.567818956456672
527254020,4.103883565819595
527366030,2.7582753294401763
535325460,3.111829863360523
528110040,4.136026125936897
906392090,3.362633718803738
535452140,3.5488676448405942
535151160,3.036042348045467
535456050,3.5232367947346805
903429110,2.2594937175195704
916455150,3.4120516631979942
909425180,1.4703951716858041
528175050,3.570542660939156
910205010,1.9843779633167768
533206020,2.392478005469486
902427040,3.628661262681897
528427020,3.316281754222976
528458070,2.8286684550365697
903401030,1.923297324803947
909275040,0.8185818186693654
527163130,3.7809567443393606
905200350,1.654205422635688
528363050,2.7962817667371556
908154205,
903233140,2.2519860398389864
905107070,2.0881795596315653
528240020,3.928477126967689
906225180,2.6602826294335657
528114010,3.94260403351045
907126030,3.649240627355646
904100160,1.1119813706042456
909254130,1.1510669877098978
535403030,
907412010,3.3313355026100884
903228080,2.370634656764521
531452100,3.2842267719370657
526302030,3.94290374701492
902106090,2.531301378719447
527161090,3.701179654446449
532353120,2.532483307657815
535453070,3.6952328588987737
534252110,2.7295399746838718
535327230,3.3586560678537314
905425125,1.2351360091845212
908103280,2.1938161924960653
528221060,4.06329644303414
921128020,3.7121286659920756
528174040,3.690389326389239
909256010,1.1345224780958267
533212060,2.390664452956133
908204180,1.5490905676457782
533223100,2.2386924155254158
909176180,0.8655384072720775
903475040,2.126574395634865
535426195,3.831049511037503
905103040,2.0952811777552136
528110100,4.06480696984929
534431030,2.653730573376776
905300010,2.481661867692722
914474070,5.0804316070264175
534428100,2.6954221975666592
533350050,1.4632351082457975
908188130,2.0052792068560286
534453150,1.9940041060776248
528458120,2.677486860818604
535179050,3.5376463789849604
527302185,3.3848973760270464
534128190,2.5933712808259126
528180110,3.516053032190434
916176125,2.7468835328770767
903454090,1.7999065443420827
535457010,3.65972477446276
528462040,2.666394119070968
909428120,1.6829844008909032
916460060,3.3159745512258616
528431050,3.1799399339699383
527110020,3.945038761429454
535352080,2.965252727939004
527402250,3.6486566999920544
535451040,3.580009185601297
905452050,
903225090,2.0735223348379543
531363010,3.805017158473962
923205025,5.184950445501079
532377060,2.175969658721449
902109160,2.4031016674730323
902128075,2.945828934701965
528178070,3.484690379384102
903225160,2.0863816785242104
906380170,3.5417165407871303
528174020,3.68742850714931
910201110,1.8458342669931205
535325400,3.0695130303668865
535150070,3.0599544170994344
533254100,1.7861029851492447
533254130,1.9044326072093656
907194110,3.603062910272881
531375100,3.705877397934253
532477030,1.6776979172663111
534102025,2.5819580254256564
905452160,1.444313191771333
533208050,2.39210954974997
905427030,1.036031325331148
535301010,3.1152320213352023
909280030,1.2014653795551644
528116010,3.927349572733698
528228270,4.07988969744722
907252210,2.9503833053010156
909475020,1.6707241208468222
907253110,3.0770437351184436
535325280,3.296094325519471
532378240,2.1555482446426555
908102260,2.4916362762089213
908226180,1.1394070382015002
527425060,3.963983551589186
527451540,3.2257616815794554
902128170,2.83788402001241
903455090,1.936827295019336
535300120,
910203250,1.6784686001252183
903228070,2.3729156705365386
527214060,4.141467856223193
528427010,3.3178713229535615
535451250,3.5121119017395435
908152270,2.20396858958049
909452050,1.7721482394977546
532354160,2.3188781130041947
531453100,3.1899359842917923
527328050,3.644424562285372
907418010,3.1605105542511964
528344020,3.229810022972965
532353180,2.5480255413965587
902106070,2.5416923941920193
528221050,4.071785239172646
534479300,2.5649047059380496
906223060,2.8617432064857633
535105060,3.551986973185083
528108040,4.108964866949653
909279010,1.2227129506082304
527183030,3.829757232520694
527276160,3.976014647678369
902207130,3.4948750314091743
903227020,2.3069317309440915
908203100,1.6396801909621082
534152120,2.133402204799902
907290240,2.9844453617513342
528478030,2.969805082748218
910201180,1.7379948324276198
533208140,2.409908145247479
528166150,3.6643979693436424
905107140,2.0000168527961404
527180100,3.758745580789873
528458080,2.828614777219707
905101450,2.352778131191438
914460110,4.788873721493536
534400290,2.1565762410264355
907254020,3.1120821173382978
528458030,2.82889205694502
528480060,2.929422125447664
905226050,1.2777615385361512
528253010,3.5936719201870972
528228345,4.071553506072766
527425140,4.046265316059756
907135020,3.718408072949452
533206040,2.3666813020034523
535181140,3.5505777549048156
902427045,3.632407340965262
527405130,3.491523412049152
528431040,3.292205736784985
527450210,3.378569965769667
532378200,2.0625370350467787
909278020,1.0994023334013068
534225110,3.103826361520395
909451130,
528142020,3.8287515380509327
527404030,3.69548126686581
527162180,3.7055100641506264
534151180,2.1115655979308947
908204090,1.6907466411214052
532354070,2.363345528287416
527302070,3.2735975648918707
527214030,4.137640831910575
533128030,
902330010,3.1424249065000254
923228150,5.366814572342419
527302080,3.2683341576234928
528344040,3.2423925686777295
535403040,
535375050,3.1155145465618603
535376060,3.239596234335515
924151040,5.714980514504994
528186160,
532351150,2.62517059041692
905105010,2.3117017672664577
527452310,2.993708049830446
909250200,0.8281221973864786
905101300,2.0343755202327896
902329080,2.996881913917414
903225140,2.0820373793588915
533215080,2.298374613529144
534452060,1.9733602245823407
532476050,1.5729985205873638
909428110,1.58962981252321
528170040,3.6011387805303836
533110130,2.2135115397080725
921205030,3.661199475955053
923203090,4.979545958766224
535104120,3.5203947018738355
528366070,2.613813979768126
902205010,
923204040,5.079741460743168
535378080,2.950342093578966
533251130,2.071802087532657
528235130,3.798829837926497
903226130,2.15456877519321
903235020,2.125986962268753
527425110,4.0201574610594735
902327070,3.164900665515523
903425270,1.9397900896237594
534127230,2.782055483983607
914478100,5.285390083882319
535301150,2.9834197190599094
903225150,2.083768191305894
527402220,3.6587130114606294
904351240,0.8774164376648617
535452090,3.6239945013876294
528108020,4.1102612866301875
528427070,3.305277964865013
902125020,2.9818528731679828
910201050,1.823218511440435
527425090,4.019129021406273
909277100,1.2035158463051716
531452070,3.2807081846045305
528387050,2.701574735779199
905480240,1.0224801341551295
535476350,3.8172934814575763
527258010,
906394060,3.3510179251081147
909282030,1.1939362435558227
905225040,1.4015558318035444
908275130,1.4952433185816507
527226040,4.4328759046814366
903458110,1.9534227326434834
535425080,3.841540771048219
907201220,3.2646733006113675
903426160,2.253018577237289
905478140,0.8599315902772054
906475070,2.770985902647231
907414070,3.4111323135664144
914476050,4.9896678124605485
923251180,5.528705731982553
528235090,3.7200120772950367
527355150,3.2120913205806887
527454130,3.2563992877297427
533215020,2.262061432933242
526302120,3.8616177183273517
532378220,2.148209693320657
907420110,3.2058616071923747
527354100,3.205066941865531
535404080,3.5419583862416575
906223090,2.832599817554764
527450080,3.378569965769667
905352030,
923275040,5.514017245553747
906477110,2.807818535896263
908103310,2.2933570871431135
531477040,2.761578718655033
534176230,2.3642913295895274
907187060,3.524804939289898
528385050,2.8550319792175007
908204160,1.571059342092878
924100020,5.189514733972275
902477120,
907401080,3.4745177770463767
528108120,4.04306153612136
916403230,3.137041372012426
903236040,2.384159272267504
903475060,2.1910603156328223
527302090,3.2762894590006777
923230120,5.4539662243201885
534403420,2.4181699552351485
902304060,2.62231587481054
1007100110,5.6605367419972765
907290090,2.8842375208896125
907203090,3.0138532746365208
905102060,2.149615998342701
907275150,2.7335062305791156
535152150,3.1695116951621736
528365090,2.6435814774069946
910200080,1.7219374934200595
923225080,5.179484260996115
906402200,2.893141413358083
921128050,3.6829482032210814
909250160,0.9181423671499909
908225170,1.2981608702181606
906380060,3.393525853770797
527175130,3.6212522904508813
528480110,2.8439704221124504
528150070,3.8468689064530346
923400040,5.542710218037362
910205020,2.000876229295236
535103050,3.659977964317109
528240150,3.922375123647247
906226120,2.572136191798683
535327140,3.3911974341371853
528427040,3.3141611371654403
528435020,3.125075422007917
534431130,2.6106710774886395
923203110,4.982980636384225
527356020,2.8516788482315127
527252090,3.8191799771128307
527258020,3.793348983142666
533253060,1.8578050455678057
905107380,2.198055290395269
531375040,3.780852956178639
535355100,2.8581797167718053
907192120,3.7233603733811615
528138010,3.944443826199823
908229020,1.0275155225522836
528480090,2.8464708470888227
527108070,4.234618914828587
906226060,2.666769484722397
908275290,1.4655396938315617
531375070,3.769742243275159
528480070,2.9316457417466375
905300080,2.318273161194804
907203040,2.9172307196501404
535450180,3.3466878941717746
531382070,3.692623297921042
527216080,4.2744394191047
906394050,3.3505549340639513
527252070,3.8077889876275286
534250010,2.625747773001419
904100090,1.0928155289505985
905453040,1.4475822917651697
527326150,3.441944710055925
909101050,0.8268406592351369
923203140,4.988136540907735
906230020,2.554691856564505
528218060,3.9674955558001526
906380040,3.4736770266613446
528228360,4.164761601328084
532377130,2.2635889725293263
527256040,
903400030,1.924989402385694
535453200,3.6770427947962636
528240080,3.8199478598698504
534476320,2.34711746458137
902125080,2.974214687202589
528327010,3.278317659738195
916455070,3.3214980542431825
535350030,2.795970773550169
905226170,1.3924011694322
528488140,2.8078732205845354
528228580,4.131991468816608
527453130,3.298083134088442
534127210,2.7668710863311525
531452020,3.2526839671912513
911175430,2.9149082840123044
531452180,3.3178244823710052
902300110,2.518532234285935
924152030,5.745384247340826
902110120,
528439080,3.0158324202541733
908151040,2.3491699640843295
528390020,2.591751468930508
531453140,3.205371480204496
905226110,1.248424051742209
531363080,3.8554299253797764
527450520,3.324985986952863
534252040,2.846749803780011
527453140,3.2970390783833854
531385020,3.5325587698509593
534151175,2.111725004933419
914452060,4.970522915158992
535426130,3.861289283377657
905200220,1.7010297230451465
903425280,1.9401837057500342
527326130,3.4405079157948046
902105110,2.711011899124571
528477050,2.948749728367773
909282130,1.3607648914761992
534402170,2.2791094011282405
528228340,4.071553506072766
911128180,2.8180799278369224
527404020,3.6945114006470665
908103350,2.311642846124775
527126030,4.273305519414185
916475040,3.4303731595302356
905452110,
533208020,2.393687562967612
902103120,2.5494094607956677
527359180,2.938409894077007
535475020,3.802874351226081
909129100,
923227100,5.189514733972275
528150090,3.787944499143048
916252170,
914475030,4.907577313152029
923225240,5.4267048211490225
527108060,4.221692287033605
528482090,2.857169534638512
527358060,2.938409894077007
903235100,2.056543865192882
903225040,2.1400956934828423
905453080,1.1781975994660092
903227080,2.2324520853257415
908102140,2.469570299810906
534275060,2.8241870896510495
907202080,3.0727856704608003
532351090,2.5325239611739936
923226300,5.322792951939888
907180130,3.7399472852257643
907412040,3.3433682113262084
535456100,3.518723323116696
528172020,3.9609600616489575
907175080,3.5952058077523756
534427140,2.6874271817233724
905200010,1.8885886834817194
528228555,4.160405928738342
905300020,2.479401046560414
533253030,1.8361496992659017
923228250,5.4656303548431255
534128100,2.7568989955579406
908103090,2.3505849355075865
531369010,3.7206712035304528
535426350,3.7722609129961464
527210050,4.137444883667248
923225190,5.371980866797518
923228210,5.366814572342419
902401090,3.194894349177628
528174080,3.696335636747979
910200040,1.7169319725749275
528294060,3.661963630657114
902128150,2.8352673789422105
535451010,3.563502008971905
533221060,2.2231824469999224
535175050,3.5329097822551665
909451100,
905104210,2.4815770289737147
907275080,2.8896016435884624
907285080,2.7718573752608364
907285050,2.851299479787096
528118040,3.8707637824608168
907255050,3.221787461725642
905105190,2.4626204115531998
923201100,5.183663035976985
528120030,3.920508754862385
907135170,3.728569229906797
535478010,3.700923661850884
535180120,3.449530643684757
534426110,2.599056561316975
535403150,3.6531062722819096
531376010,3.7158923665063677
911102170,2.6897446750697287
905475520,1.2417984300473734
907175030,3.6796857948588557
527212050,4.151418716658695
902201110,3.3937155174861777
906201030,3.1672885245825486
535325130,3.3213105229373494
533213040,2.3270660148026385
527352150,2.9803892946824635
903226060,2.216921569758185
923227080,5.189514733972275
907252060,3.2291144581304803
528102010,4.034634881881821
533208040,2.392514171963913
534128090,2.7784899350471903
908103260,2.1827063276460352
903231180,2.084372983336517
533206050,2.364713897331232
535403280,3.560526163186658
907192030,3.551937906003442
914465060,4.710367607434553
903228120,2.3204118675492955
903229040,3.965481196121156
535101120,3.4224443126127455
527180040,3.7120990509066605
902110080,2.6361776097685974
902405120,3.3118905822699167
924100070,5.189514733972275
903454020,1.7835164306191156
527110120,3.9726104465572667
902136110,3.1623820088700327
907130060,3.3799343902972927
526350040,3.799450775451854
535352090,2.9594674138938157
907295100,2.8692552224036767
528431060,3.1620245332181165
535126040,3.69211843768193
534477110,2.4083354957372336
528222010,3.952856619548436
923203010,4.9658280780018975
535154060,3.4262748311891427
533125120,2.521663009614533
902301150,2.539097783693259
533250160,2.049321953913787
528106010,4.04366333550557
532376040,1.9664356308847868
535151130,3.187678161012204
528240070,3.8238963628207796
527184020,4.071817252491945
907135230,3.7116715903449844
527402150,3.7176759376961583
532378070,2.1251045592179367
910201020,1.8112391728390118
905103060,2.104229994500623
923228110,5.3554027115752145
904100170,1.1162879015254616
533242090,2.2854204425089137
528456180,2.747320587972181
907285100,2.758999152778818
535104020,3.5705755167486353
528439040,3.0292138928245795
908225320,1.42547170611547
527216070,4.277757882534664
527451290,3.317254527262334
907410050,3.158719746521541
909254050,1.0938830791270087
531373060,3.710584624052302
534451130,1.905465608791365
902206220,3.203574983471994
527164020,3.714247537366045
527107130,4.0770225323926566
923225200,5.382924693259624
909251030,0.9345937126026482
907194130,3.70687636974432
907250070,3.412377373316207
903454080,1.8040749419952289
534250335,2.5956145301227167
528108130,4.0319866552229815
923230010,5.677809663357961
909281030,1.222308682165388
527451320,3.3207268300673904
535303110,2.8956545557517805
528456200,2.7590348998521845
528120010,3.8690484762168884
902207170,3.4925723264142476
923204140,5.0188585983039
906223080,2.833917450996984
532378050,2.107609114648103
906204140,2.9259832764084983
923202137,5.13614908557874
907280040,2.7873012453674884
528170070,3.592487282811585
909451020,
902300260,2.384416797312294
911226010,3.70864559764035
535375160,3.021315311776126
527405160,3.5519514909261325
534200030,2.982197593902711
528186110,3.494154593574015
527450110,3.378569965769667
528292030,3.4807598452924946
535177020,3.7353553281773597
535478110,3.686630810968779
528142070,3.8306722198588457
527276040,4.216334396257351
908127070,1.984152789178138
908186090,2.0079960522419897
916403290,3.152097994121751
528327070,3.274364669918577
535453040,3.728053838599434
923276180,5.629296695386925
534430110,2.542638489184878
907187030,3.521345466329654
535383120,3.178404657068073
902205070,3.520572460098314
535453100,3.688405347748393
528488100,2.82514886450419
534403370,2.435334555927963
535455080,3.4279933749534526
532479120,1.4493189212438102
531452260,3.5580552196936512
528488130,2.8088382527460753
923229010,5.292542146445934
528382020,2.9437686603005533
914478045,5.268840415601237
535478040,3.7748833888095934
907227080,2.9164526651183382
532376090,1.9729836273278483
907196050,3.509072829547675
907265100,3.09989000798045
528114050,3.9571575979673024
907260030,3.3312254622977813
905200510,1.9218666651919292
527106050,3.9464405757396905
527325160,3.3712609612396154
535403190,3.571542535625483
907410040,3.1679584290269434
531384070,3.5294345032508017
528290170,3.798829837926497
903457130,1.7260359368861216
902402250,3.323289881598464
533223050,2.262842714283293
527376090,3.2847503937374727
528168040,3.576035647783655
528174070,3.695342305486182
527106140,3.9097397415037647
909281080,1.3304854390314877
534250410,2.5383553769873384
907200250,3.2628727552167427
907200170,3.1944522724107958
527182190,3.891245246618801
528290090,3.798829837926497
528228440,4.071553506072766
905476225,1.255913709612869
907260040,3.3349857872270974
535426150,
535376090,3.2125734985856234
526302040,3.9448556426683195
528188160,
527451450,3.2348056521899955
535453150,3.6413496591367784
907412020,3.334005978032124
907252220,2.943737410902895
535354260,2.73177214407921
910206010,1.8244399315638233
903232030,2.2645950317985677
921201060,3.642140729748958
535353040,2.6693688275945466
534427040,2.838833154891398
527368020,2.661577080206616
905103110,2.1800719192263167
528477080,2.9518109458777473
903230120,2.0629604536922725
906475050,2.771217246389178
528429070,3.2964199348878136
905426010,1.2504274163085065
528150080,3.7720167874719883
534450090,1.940414915200075
534403440,2.4097226978062167
905201080,1.5030542708432022
914476380,5.110133870817142
533223110,2.2381674573503494
534426040,2.6668076058432777
527358140,2.7806932050353304
528102030,4.039809742298927
905107320,2.0424586625274026
528228290,4.081102381299326
527427210,3.8204914623690502
909100110,0.7139107612683803
528228415,4.104658481808144
909281130,1.196313657476797
907202240,3.0202165891382253
903400040,1.9245590359127973
532351060,2.4075003724219726
532377100,2.1604478404932363
527325240,3.454250572801109
528390210,2.749566439732741
532354150,2.311613003311356
903452025,1.9175390654866515
528456240,2.7826780494204444
534225120,3.151463760379889
906382060,3.337067333151965
528166060,3.766142677951257
533253180,1.8237339747733736
528315110,3.1625567588389774
535150280,3.031320017012223
902305110,2.6413465680575676
907125040,3.627440957046392
910203020,1.7395458961331225
528363020,2.79391701211243
923202025,4.958396970871219
528429100,
533236040,2.382506217299225
535151110,3.2060875843304326
905377020,1.865819848956527
903401020,1.9233521788250296
906230010,2.6239624455731114
534479140,2.517625915938763
909253180,1.0501765401212637
531379030,3.5596553109540574
907227090,2.915497545416943
909282110,1.3286629275497879
528166120,3.659720820804155
914467050,4.873640418855843
905427140,0.9681874767604322
527165010,3.5293172238245223
527359050,2.81853180577501
535180030,3.493716592794377
902427150,3.6350583892579738
905451300,1.6090850639271725
903233100,2.322432175557079
902301030,2.6339275466814684
534275010,2.809954126877576
908152070,2.3080370339899585
905104090,2.4241540037334963
535375040,3.1173546432442047
907202220,3.0255992171433257
907227050,2.9193647955487756
535382020,3.1609395468662753
905403060,
531376090,3.7109516827981226
535427070,3.9775302205987932
923228270,5.452641279666017
528228445,4.071553506072766
907125020,3.622565731245769
533206060,2.360780547664626
528275060,3.6413289373956936
534403290,2.316061499168917
526351100,3.7006745574630338
534201300,2.828703913343666
527105060,3.983212119013431
904302020,0.6876759720358491
527107210,3.9726104465572667
534425080,2.5701315413441232
528354110,2.998964334088383
907290250,3.105079425923297
528480150,2.8268367869321054
534427010,2.756119133836081
905106140,2.358586586207451
914452120,4.9876239142146686
907250050,3.3634916596942412
909425140,1.5452672035821577
535301080,3.0481477187624284
534125120,2.5359892876886554
528186090,3.487047232201305
533236070,2.38065365685177
903228060,2.382414800341233
528351010,2.9541226383971306
916403200,3.0500537116542885
905401020,1.3937614167024386
535382100,3.0300754413508297
905476170,
527364030,2.6427981457052514
526355190,3.732854313340106
916226090,2.434707450712019
533223020,2.2644178831366366
908275300,1.4621456377924618
527451170,3.3468943722394697
907425015,3.056718086997211
923276100,5.677217363366097
909276010,0.9626474199898817
528176070,3.4625744366602778
907412080,3.404119962957274
923400110,5.626728728363821
923229100,5.469490465303366
903233180,2.255900106761956
528231030,3.7804453031112173
909254070,1.1272646375553965
527455060,3.2559289110579783
534478140,2.423851057727476
905108120,1.880044460447885
905377130,1.9829619887600007
905201090,1.505450726118576
905480210,1.014549030736558
534278070,3.0496152784504833
527368010,2.6750937169912907
528188090,
535180130,3.4417235560013313
533210060,2.481951169139651
527359010,2.886199344022832
533130130,2.1976186868910967
531371050,3.716877944023327
535354050,2.815608927089453
902106010,2.5419349529658977
533213020,2.3576101230050113
528456220,2.7714265716718565
907227290,2.933451627503364
528186010,3.454490851309764
905104240,2.476648814316385
906426090,2.6825592256464352
902301120,2.5377715326506824
902101010,2.735899624016191
527450030,3.378569965769667
535175070,3.5335789932495483
528108070,4.10068694000809
909281020,1.2202288363499276
533213140,2.333647029492076
535302070,3.1613975700527877
905480030,0.9653023898856335
907200110,3.110392604011419
907275030,2.9326928891208484
907203110,3.017981999985099
527127100,4.282735046730986
528431020,3.2371638857015594
535379060,3.1837441516362075
903205085,1.8916611451630352
531450120,3.408593166069435
902205130,3.460042591062782
904100140,1.031417103660767
923229140,5.3780943241628485
903456060,1.7086405413616055
528431120,3.2898602063136386
905107220,2.1895983364591416
903458170,1.850010723543696
534202030,3.0485675185062613
527127140,4.282735046730986
535101150,3.433562437547649
535402070,3.660009957599257
902403070,3.4515735860771226
528477070,2.950468344600278
908127100,2.0463089660760403
902301080,2.61377873002899
903475100,2.1999266635340984
903226150,2.1580131088836536
902207080,3.4418946305210487
535450210,3.3327026585162915
535153070,3.3121841414669286
905105170,2.459930022439771
904101170,
907290080,2.8912599594903843
526354070,3.643435296098447
903458060,1.9590778253578942
532479050,1.3573286492454384
527427090,3.7235484943626407
905109170,1.845199325755408
905479110,1.2327913088300586
907187040,3.5250017179861697
909451040,
905475160,1.0546177650055009
534250370,2.5028215751217657
905377010,1.8692640318616858
908208020,1.7222410331488662
531479020,2.8141690229323655
909428280,1.8367478664463817
535454070,3.3287136756260636
535304020,2.9844539567588497
527131110,4.11492710682252
534403280,2.2711645800411784
527107040,3.9342728013652404
907270040,3.08321216912809
903455140,1.9119031222574439
907180040,3.5951853545642516
528106020,4.044853910857738
528228285,4.0810124797115614
907262080,3.443879859960923
923225260,5.361783287633132
535383060,3.2504841140218956
527453050,3.362861730249611
527107030,3.8968267791903424
903236130,2.369067202780802
534450180,1.8833268591302503
528275080,3.631925035674115
909428340,1.7053322370416073
528441080,3.039817602529525
527105130,3.9070834241195316
907175060,3.665664275605374
908228010,1.1144335941442745
905480180,0.9299704267520759
534201240,2.8544652805584594
528441020,3.0575795236804266
527164090,3.688045712014563
909277070,1.1245874832957194
534400060,2.239896355483806
907290210,2.9235900015540937
906204150,2.9252990307672078
531451150,3.269627568285009
528181080,3.586441705354616
535106140,3.406437609329199
533241010,2.3001480631494293
534276180,2.8952964192836808
527163010,3.719327422105323
907194020,3.5282033643155315
907187010,3.514130351831349
908151050,2.363385097647971
528102140,4.136026125936897
534125080,2.63037561689665
528321010,3.163356578336914
914475090,5.083805764784221
534451120,1.9051242741321646
902202090,3.4791186714006113
909131125,0.657818935236555
909427230,1.3787570095117285
909475040,1.7118558942287263
533242030,2.321549486770792
528120170,3.848073142585847
902100010,2.609037696394857
535179060,3.5419674820745217
534276070,2.8946007670760263
905452140,1.4444278700749238
528387030,2.7543790667030215
534277090,3.0496152784504833
534104100,2.587350546438164
902207220,3.4176809269894415
902300215,2.3820043941416147
534176140,2.305337455812443
902128160,2.8368330834181097
527451180,3.345889108911845
905402070,1.4563381691464368
916382110,3.5408822733905216
534176060,2.4152475814950956
527302110,3.301095259793695
909425270,1.2407236893882208
527404050,3.649437533353133
905480150,0.9010321000993099
903231090,2.150862381057904
531375120,3.701851336689863
906201021,3.3333999570846027
531371070,3.7637683754504727
528390100,2.629159281290337
906200230,3.349164974752119
907420040,3.282083637468496
916402215,3.165113199244745
907200290,3.2844684590860935
908225180,1.302626481469745
906380050,3.46705111382681
535450190,3.3290184672311818
528315030,3.064812676800325
535103070,3.6554629598417496
905202090,1.7764730722972846
907192090,3.69166406888062
527158090,3.8482333659341226
916326040,3.0321303493645164
534403040,2.4611219965047346
528220040,4.117403244796931
907201280,3.2479872812037254
528235180,3.753810725008436
528231050,3.772678159725748
907425010,3.1053658474538817
905103180,2.319924909361448
528228450,4.071553506072766
906380030,3.4781532632282697
528445060,2.999625583801097
909252110,1.0045561712747748
909179020,1.1571654867487537
907230240,
909251050,0.93673254044795
903231010,2.181092728087809
528142090,3.7523702431141976
907200280,3.2801745556928457
528477040,2.930264674077728
903206070,1.9370364422238997
909428190,1.6656913080418105
528112040,4.013281304822458
528142040,3.8278450991554145
902106060,2.560141399515983
527375100,3.216551355930771
527105070,3.827473197865867
909277090,1.205628634436112
527110130,3.9726104465572667
527375210,3.2736077530143497
533215030,2.262781120601413
906378100,3.3744900108556473
527325090,3.4000559002743485
526301100,3.9609659904163106
535178060,3.3155440360573887
903430090,2.2301886869569967
534402140,2.3087548989291844
908225240,1.376768389929983
534451110,1.9226059376185365
914467040,4.8670043390811975
527451110,3.378569965769667
907262020,3.3523411123940328
527376110,3.2259956576372004
904301375,0.9769829754141343
905352070,
527145090,3.992588377824215
902427180,3.6238088446360552
903476030,2.3185223559225454
534400030,2.32163271978395
533213120,2.3327821442246304
528290010,3.7329439588040367
907420060,3.2281614532592036
907260010,3.3237060280217854
906201200,3.156737904462095
906382020,3.3342238690503
532376160,2.13948584678479
910202070,1.971454942830588
528150120,3.7583480944724648
902101050,2.7259450628308883
909250070,0.8056444975895292
535476240,3.8464419065477706
528228405,4.117691789957582
905202230,1.6616497458384734
527210060,4.137877246234644
528228460,4.001957513318672
528112020,4.012732395800104
528290180,3.798829837926497
907254050,3.110303096100901
904100040,1.147383531300263
534126060,2.7063736512530556
535402010,3.6069064977394025
534403080,2.547022550145013
532351140,2.6217676501779974
903426010,2.1190214580730573
531367050,3.7853583466068796
533213130,2.333206067750673
907185060,3.3944317480657156
905427010,1.1052281704015816
908102100,2.5676852226350233
527145080,3.9897027720683114
534250300,2.5801645626680627
905301050,2.269795299235925
534202180,2.908478274426502
531450170,3.4003552451999077
533212120,2.3807636165695967
902109120,2.4967452199792657
535450310,3.3857467876576552
903201030,1.814054482799921
533236060,2.381270410442442
908102130,2.467063653759985
905105070,2.3790628007713743
533241030,2.3298456990876035
923228260,5.458518042068435
534204030,3.002081496219255
535477020,3.9312286229362257
907192130,3.7328114798321237
534151120,2.083188223084005
908102170,2.474861361081928
907401050,3.4710094157448386
902105060,2.8139087987423688
534431050,2.710387127003002
528344060,3.0381095996742546
909452114,1.7637615440436267
909455040,
534276190,2.890599945319913
907253060,3.2252358646261663
902329090,2.9043164959299324
527453160,3.2949620809043734
903233080,2.323804068106179
528292060,3.4631183852048815
909256120,1.1506951689169014
906223220,2.8516715593843234
535153150,3.3063771401394724
527163080,3.8154756717096032
907414080,3.4151960370185384
527402090,3.6681928792827216
535426260,3.8122845247390624
528322020,3.0751551403851467
908152180,2.28237701035315
909131170,0.7468385467067163
527146135,3.903062961808699
907255010,3.2164788153154693
528142110,3.9652974253355713
533223030,2.2638928248421175
907131120,3.5296576350335838
534201130,2.8407188454303736
528366050,2.618953766740074
528340030,3.2682730201295604
903475020,2.1186032589031796
908152290,2.201517556331228
527163100,3.803965171151758
916477020,3.5535839986094717
535456010,3.586540318225388
534129080,2.6293133964848683
535101020,3.5247121899376985
528320060,3.092316592222111
903234220,2.3625541559355367
911370520,3.2966655888699505
528218020,4.0883883908331455
902325050,2.8942086844586252
905427070,0.9979769750123155
907252050,3.2365778205652367
907253130,2.9832960496099563
903429080,2.2585780763273657
527451060,3.378569965769667
907418040,3.150104055289197
911226030,3.706668553967332
535402230,
527427230,3.8224342330243224
903204030,2.0879230605456915
923225360,5.314399011057693
903202120,1.9714385212906609
527455050,3.2517993861368795
903231190,2.086002674392676
528275110,3.696367905746697
906202040,3.119486623447615
902401130,
528382030,2.943892639463815
907200190,3.199103482271609
531451110,3.2967049926045475
906340130,3.2699328057193937
923400025,5.489103900254312
528480130,2.8420212177627597
534277070,3.0496152784504833
907203060,2.933532914238997
528480160,2.8258932033379813
907135050,3.7174554072400334
916403010,3.1663768878392564
528482020,2.950258983756399
905451320,1.593812331734358
907135260,3.704978629873801
527455280,3.081899821434233
527451400,3.328857597516139
528290030,3.728459848296461
535154080,3.392591504352104
909276110,1.0703812791397052
914476010,4.900092867914132
535451210,3.474783843688711
916402115,2.9628316080435155
527375160,3.206453504009465
527252080,3.8145698758917037
916380060,3.6508913333816664
533125080,2.424216683290026
908275180,1.4199878183034755
528348030,3.0314253784967504
907252190,2.961463089754941
527190220,3.744667457671743
534425015,2.577660596913009
528172060,3.952135943023115
909455060,
527164120,3.7125577059542105
534477270,2.4053476397988938
527105050,3.9787381161717956
906394040,3.350273578977252
902206240,3.2064697366024606
909253010,1.0379516287832757
909279080,
907290040,2.9915472522757307
535457020,3.6584315655824735
902204120,3.3686926420321672
535301170,2.9892095810350034
923228230,5.48041778285551
923202060,5.041549678603073
904302260,0.6858265819940894
909275250,0.9121929911618706
531452080,3.281877374059925
528138020,3.898219902705598
905101330,2.0496619594763565
916475110,3.539796045561
534128020,2.8577269992640173
909475300,
527358090,2.938409894077007
909250120,0.8345428380693092
909254150,1.0659317248021698
905202190,1.7274168100274085
527353060,3.0001836524406067
905478220,0.9600491729782741
902456015,3.4739871694281885
916402015,2.9482983812748884
905426100,1.174142475870454
923228220,5.366814572342419
527182020,3.8776767273009742
528175060,3.5707415645455556
909451180,
908102040,2.580841872885592
903230110,2.0645619977882816
906223210,2.850406862143106
527377030,3.0192120652859673
905101260,1.9409231566356675
903426180,2.2514436578220205
916475020,3.430048565647156
905200490,1.9106980620673728
905401045,1.464688585995555
902205090,3.4563742100685526
910205130,1.897754083980914
528280130,3.798829837926497
534127130,2.6967093065329957
526353030,3.813993815713059
903481100,2.051489601902574
535402120,3.730915951214055
527302210,3.3110082289949894
532378130,1.9839439166439932
902301130,2.5382946812861364
902103100,2.5620636178689056
535454100,3.3089488033803445
909250040,0.8035874765783055
902325070,2.892557852875068
533125140,2.517155967408254
924100060,5.189514733972275
533251120,2.071542169610369
907414020,3.346698135644813
535451110,3.5363027472088944
535302130,3.055108991147479
905402110,1.4775162382080493
534175100,2.3385847679509686
527164060,3.692009761789121
907270050,3.0823283655187934
528178010,3.5749370126700772
907200230,3.2114946077773125
527162090,3.742889310300028
527450460,3.3785808805672657
528106120,3.9616101839151763
528294070,3.6490658773121396
535455090,3.428416504313758
535176070,3.5578799113931985
902405070,3.3408349561108825
535478090,3.7520701655105384
907202130,3.3215724475084403
902100030,2.6188654976580876
902105050,2.8159719687997278
534252270,2.7406391718075835
532377050,2.238028635948595
534177210,2.428592741726954
533221030,2.223134705437058
909175030,0.868591789667006
528164040,3.6528613386573308
527402240,3.6484811508066013
528181070,3.585369686689563
535152130,3.2078247719515884
535353160,2.5368532459616033
907420080,3.254408173449448
907410130,3.1190250969128956
534403410,2.422019446407655
533205110,2.3768182748840334
907262050,3.3641347928840863
902405100,3.3117478225953083
534251280,2.6597893620141844
533205060,2.3576615249779844
907405130,3.3606013540455244
924100050,5.189514733972275
923225370,5.3149127253034445
906203120,2.9740405216604913
903400220,1.796865546003388
911370530,3.292559837442494
528235120,3.798829837926497
532477040,1.6835941220885375
528228430,4.071553506072766
527357110,2.8482319046221765
907202100,3.0970339165177174
534127190,2.756774109242729
535125070,3.7095804686607625
535401080,3.753175683078313
534403400,2.443426449469928
908188150,2.0182095194507506
527427160,3.7387068019610252
528326060,3.299233171697515
531385130,3.510783807836761
906230030,2.554366103845546
906426210,2.5363205661244073
527162110,3.7308907995265463
527276150,3.990587156265791
907201230,3.261084945578203
905104110,2.4651635093013082
914476330,5.09532631233597
907290160,2.9126869907766624
907125080,3.623471512368248
908188110,1.994803550984432
528172150,3.6190745653462937
535350040,2.8005874834365154
535302140,3.0595069574247167
528108010,4.110906270290425
531375090,3.707487888514622
526353050,3.4157487287934725
909276170,1.0735154632834139
528228295,4.081149852705373
907202050,3.1177507468752994
916477060,
905107240,2.1458329147840254
535305180,2.996658115897669
531453040,3.1569169672125694
923277040,5.643087031712507
528435070,3.144447820747064
527454120,3.259997509965522
923228290,5.442361599599645
903451090,1.6895644341060614
527354050,3.1916132883781847
526351010,3.8403419581681377
908128110,2.1462113268410046
905427050,1.0295843289201314
923230200,5.511880454449636
528228565,4.159761362799417
906402070,2.981089583458826
528431070,3.1601463021239367
532378120,1.9850483921083448
907290020,2.9944783069510796
905106210,2.3393260329103756
534276290,2.8444023100282085
528458140,2.677486860818604
903453080,
910203290,1.6745495354198137
534226060,2.950922264264313
534178010,2.3700036156239315
907401060,3.4721760004717974
911225110,3.6877279658587625
908250030,1.561137990455696
909281010,1.2181663906680742
914475010,4.893931494821536
923225050,5.163749841392419
916455170,3.411867866242965
534451170,1.9135385483154483
909175080,1.0074466892369922
906225210,2.6429055521172473
903234090,2.406294520651777
907251090,3.3480738773095506
905475500,1.2235931531027
528458180,2.677486860818604
909252170,1.0570075181143308
906425045,2.6219572371238407
903228150,2.3249894030620313
534400050,2.2685483228886536
914452090,4.980706255130177
528326030,3.2968075410290103
905402090,1.4437015196897964
907227060,2.9183862979313666
905102010,2.279104586347375
907255020,3.2177988013451646
528315090,3.151500913108228
528482010,2.949149081038459
535304170,2.9143210623886175
528174030,3.6894014711543126
535402330,3.563214550641854
903226170,2.1614932616215445
911104060,2.838021829572255
906403060,2.980664910386007
908102320,2.373417312327499
535454050,3.4114223919795843
909276210,0.9705775733538625
528250030,3.906663476683575
911175360,
531375130,3.69944274472112
907201060,3.2153464816045756
527208010,4.247034982870862
902402150,3.336870294181005
528174010,3.6865515945305734
903233120,2.3201757374213137
528490080,2.8379863353335333
527357180,2.9521636980950574
532354090,2.2887860872001013
527354200,3.087585734091734
903233050,2.345987811846093
535378020,3.0643278441261104
528250070,3.8264369913962453
535353240,2.5956483280161406
528240060,3.8278452412556754
903228040,2.385647777443314
533252130,1.8789315498463874
535325290,3.293972976772994
907401090,3.481000222065067
908225290,1.4740954472591998
905200290,1.5663019078247724
535179120,3.511781274866567
905103030,2.0908080756887446
907262060,3.4416949987686705
909254090,1.1590850637613233
909175100,1.0208964982466238
923276250,5.686302503492621
527401130,3.8437690182295388
534201040,2.9106437585013003
908127120,2.109434168678374
905105260,2.446926952407184
904351200,0.8176691526585582
902207110,3.5042838123839664
902100110,2.6136279493039547
902105010,2.818877629223865
909426060,1.447960899934771
534401140,2.145473188675675
527377110,2.8632831491700714
908102290,2.3684319021456592
907252120,3.088689030453152
535451170,3.466765068309243
903425245,1.9385112247440184
902107050,2.6578760878869594
531477020,2.756712929647683
905104180,2.4935519328519375
909177120,1.0457085733790197
528228375,4.155071687469516
906475170,2.932297734935169
534451150,1.909570396263268
535375010,3.137163997172474
909455030,
528354050,3.0182716660466293
534455080,2.229846660458042
903201090,1.81981688481281
910226060,2.0201941584556606
916125425,3.188049397394875
534128210,2.584693015792519
528328100,3.142742802911393
903429010,2.3444740748044226
531384030,3.5544132226996488
528110020,4.136026125936897
532351050,2.3986527961366035
527328010,3.6116816590112735
902201090,3.3981235678430157
534127270,2.7140820909553534
531379050,3.5685201452798005
907135080,3.702050586047248
908152280,2.2027408925608696
905106150,2.3622472832185664
527454050,3.2832630316263973
923276260,5.686302503492621
533223010,2.2649429434382853
534475170,2.1299558009096358
533212020,2.3963223594913012
535180020,3.4395377277560755
527403120,3.584619932998092
528376010,2.962541592122064
527252050,4.039894041674468
533221100,2.223251182257419
528250060,3.8297016392683014
535378120,2.9599753328462266
903427090,2.3461554373123543
528488120,2.80945201647793
910206110,1.919861688382545
905107110,1.9762718906144294
902401030,3.2970679678957464
527106150,3.904826512204344
534430090,2.5687015583548476
923225150,5.328192185026762
909475230,
908152060,2.202148976530204
905426200,1.2512242432592293
909103020,0.8406151680257387
902330040,3.1558617447975945
908152035,2.1855263293286393
528292040,3.480282373953536
534276010,2.9453922525389786
534175010,2.466240760199517
909252150,1.0608253159137617
905228020,1.1516090966543513
535180100,3.4768174152665745
923252080,5.623323140825626
906392100,3.3631824252605247
907194010,3.5284302076728142
535402100,3.7218609753383167
902329070,3.003476859832186
903234030,2.4361617983536457
533130170,2.192946984195529
534275100,2.811470721914904
527158020,3.8199973337439275
909100170,0.8109531155617836
527107010,3.9034203084157952
532378180,2.0020032135430808
534479120,2.523080013703761
923203100,4.981263038011218
902128100,2.928416782432435
528172080,3.6104979338868377
528172050,3.9537620431573752
528344100,3.035647043177501
905226130,1.3762837076861
907135180,3.7380805281742893
907180050,3.590134412293214
909252020,0.8427859655526889
534276160,2.90000954050872
527225035,4.427209152933659
923229110,5.38623815906765
528240030,3.9243668317215152
526352080,3.751554141105063
534476260,2.2768531766280335
905352140,
531382090,3.5769500375414034
902329030,3.0218823359252927
535303150,2.814271039927737
911370540,3.291510118949516
535176100,3.5527131230587075
535457070,3.6011980986599736
909250220,0.8173345381906696
534450150,1.886019541455012
528290190,3.798829837926497
902109080,2.522484415027273
527453010,3.367385903228065
903430130,2.154340056138469
902206040,3.330546639804109
528292070,3.463750962868814
533223080,2.2397423381135657
535153140,3.302632380432932
528221070,3.9858444063978866
533352150,1.2738421855431439
528327060,3.275764915775278
528354060,3.019269489962016
905452040,
527425035,3.9321059476627003
535455060,3.4957232666046685
905225090,1.3388887619334746
528344070,3.038713744027097
527161010,3.703646693321296
535125010,3.799143753844739
531451280,3.388557445420987
528290060,3.798829837926497
906203140,2.9695414562049076
902108060,2.7745626486669597
533212010,2.3977368683684945
527450280,3.378569965769667
532354060,2.3722024364097356
908250040,1.6418132241592038
907202140,3.091958613666067
906223140,2.824322808377519
903236200,2.2280301114075867
534276360,2.8323207676014714
907425035,2.948368926600654
528458110,2.677486860818604
923225390,5.316455849139437
903225050,2.1392266866473704
909451140,
906340110,3.259509346434311
902331010,2.856260810530834
909275160,1.1040890522317264
527163020,3.7137332939219845
535383110,3.1778022753257695
921205070,3.660871020695673
902207150,3.493942236986449
534252240,2.6727250814188306
909250150,0.9190642546141973
907131070,3.5083719929344275
534477090,2.415438657091135
527451460,3.233822124806557
909275310,0.7899785977378347
535476370,3.821854326748761
527427200,3.819521131131671
903430080,2.235873790284945
907252020,3.2580348113522986
909252010,0.8409545548885231
905378040,1.8600142714964782
907187080,3.5189801888354553
527452190,3.1488835524764367
908225370,1.4103885396705709
906201050,3.16041822286683
907131190,3.6194129090645317
533352170,1.274450121664276
903484020,2.0517842163237825
535106190,3.3343020816640285
528439030,3.030387641340538
527404140,3.4843487520435423
907275090,2.786354887011071
906394020,3.344818921411473
535152010,3.290838629743381
531369060,3.7862738441147292
534127170,2.7517334929015127
527451020,3.378569965769667
903458020,1.916701723920692
528315080,3.14454391286982
535175030,3.5372928482278363
906204280,3.0174869617499605
534202020,3.0433094542804344
527250040,3.8869858849139414
908188140,2.0104487619029117
535425050,3.9179427431748746
527106010,4.019546507069342
528280110,3.798829837926497
527166040,3.646425456730871
908102050,2.5782809992275157
904100030,1.149404552501332
905480090,0.8904606191242973
914465055,4.712738097029058
909176140,0.9530326546433229
535477060,3.9236422073432706
527455030,3.2435495746186387
528188150,
528490040,2.8282103378118753
527302050,3.2841853303654185
902402130,3.4332819210901797
528354100,3.0001538864892177
902109110,2.501878294441767
907290170,2.9142441869478155
903476100,2.2111867102094838
527212060,4.148483380904015
534126090,2.667821857977642
909276070,0.9919783279962102
534278190,3.0715992703574284
534204120,2.953597377142954
535425040,3.91065111452253
907202160,3.1212041771193983
903227070,2.297809654633916
531375050,3.776680384399258
535375140,3.01540475816979
534201230,2.8725951151032914
906380100,3.3529117942358755
535106180,3.336010504748092
535177100,3.586987503314099
531363040,3.812764230496787
909275080,0.8654042731530934
910202050,1.9700235798403036
907196040,3.509189995694119
528180070,3.5158926893951032
527451380,3.3265304286180117
534152100,2.1121859341859404
534252070,2.802306977656789
528290140,3.798829837926497
527404180,3.5855016401219055
904100190,1.1365699047551514
908228040,1.099935407476445
902104060,2.690905813372043
527455090,3.28010493052336
528112150,3.939479422666029
534430080,2.563695692242294
905101070,2.3199037581576336
531451030,3.3291191232881885
923225490,5.2204059071280104
531385060,3.5019271166683623
907290070,2.898284894529597
908188120,2.0001131094703286
907181100,3.7044210431099165
535457090,3.604697525638944
902204060,3.4379603566895858
534429030,2.8245941242816364
902300020,2.504485066838276
907254090,2.9796022547126957
908127060,1.9805224097293703
534177180,2.4231643161002947
923400125,5.631547446145921
528174060,3.6933583762038764
528172070,3.949757701487441
905229040,1.2426492883540563
535327160,3.381258090476451
535377090,3.3403131704480367
916403250,3.1205308516217634
916475100,3.540314534330054
908275220,1.47863233016901
528190010,
907290180,2.9173589568912117
909101180,0.7522323639158471
923230190,5.489848578414277
527453150,3.295995643177266
923228420,5.351028049839014
905108090,1.8537361219669002
914453045,4.901636821941225
535302120,3.1295787610993626
535456110,3.5198049773995366
527328020,3.6381690956815524
535380050,3.316321147540358
923250210,5.2376877023262844
535454060,3.4102556247786113
534401200,2.1736874260179078
909250030,0.8031008008203794
527375180,3.2096970973090144
905376090,1.6030070530121718
534476100,2.33370645472728
528280100,3.798829837926497
528228435,4.071553506072766
923250060,5.2876428199212615
535152230,3.184746236991984
906340120,3.2657634953044656
527107020,3.9001234224008177
528120120,3.849875703935005
909425130,1.5298897961346867
528181050,3.5801222830453336
527359160,2.9843255897754064
907405140,3.3585728052177215
905226030,1.3012022549492677
904350045,0.8021392378786311
535454150,3.2962100352067303
909452102,1.6272669782912084
909250080,0.8067389019485827
902305090,2.6407338642695053
533212050,2.392078910201975
902107030,2.672598788512211
914476020,4.902282070118837
905225080,1.3322119148881055
527301245,3.2234249861850643
527451550,3.224639320693987
903476090,2.298118383369583
902110090,2.6326972647102647
527132090,4.1240637757599545
527450220,3.378569965769667
909425085,1.3797208897747437
910200060,1.7196843717727215
527380240,3.1560750441713665
528186030,3.448499206874146
528106070,3.9771577127159063
527163040,3.6997497623672633
534127140,2.7830328984270336
535376010,3.2585673508618744
527359070,2.785341755774365
902134060,2.910096680923698
527404150,3.487330879971375
534475100,2.253340081176976
528363110,2.8276963614176975
916460020,3.2279911269191124
528142140,4.008326881233071
906392070,3.52286748264897
904101110,
907412070,3.400039963722631
903201080,1.8215048634840956
534401120,2.145473188675675
902207140,3.494173972216504
908127040,1.9762602243673257
531376070,3.738381819812132
903456090,
527301170,3.2714045042720095
528240130,3.9169276721977173
528275070,3.6366226354681204
904302010,0.7021776146587608
902306120,2.618838124621431
534251030,2.6288876377510086
902406020,3.5375202657377853
906392080,3.5313792474880583
534175080,2.3450497702705326
533242080,2.284758832691792
914474020,5.017136684670962
534129040,2.574424882273111
535402270,
535353060,2.66076174323593
534475250,2.2029350428305925
527425025,3.8868434406945047
902205140,3.460383571458203
906475200,2.939585899959588
909251090,0.9570082292745816
535155110,3.2079417949503646
527403310,3.4193013625526794
527162080,3.7397722675250407
905325030,1.6888326372050266
533253160,1.9168835182217558
907125120,3.6512858260611587
903457040,1.8000362264780827
902325160,2.7802047698329035
528235050,3.829268483714173
528478040,2.971479951801411
528240040,3.9202566357652926
528178090,3.6441906932444414
923277080,5.697175921278682
903235010,2.1247922272153064
923275010,5.384492903755929
528439060,3.0177167508768163
907290140,2.9080161598935947
535126100,3.590864403809118
535325320,3.2747023352951827
527226010,4.275996909392272
535354130,2.7686903231456257
909101070,0.8238676624917635
905201030,1.4999595531385537
923203190,5.059060848851701
535383100,3.1769009126572483
531376030,3.7128825231268876
902206130,3.2321435011124175
532478020,1.5570007459107185
532377140,2.265801002648483
528458060,2.8287230219688433
533350020,1.435025345226278
904301100,0.7464939864367118
535403010,
923277030,5.640768419046527
527184110,4.085907967009744
535152060,3.2388172230894487
527166010,3.6342935638361054
903206170,1.8289981262605919
534226120,3.017845214989027
527355060,3.135889491873629
909282060,1.2725758117407624
527127150,4.282735046730986
528365070,2.6495219791168534
909475140,1.8187314664942371
906380190,3.457409238028401
535177110,3.5883554540514635
527401160,3.848614757215108
902400110,3.187332483612594
527353080,3.0183154744216245
534278170,3.060761684227845
533252020,1.9599759366317147
923202220,4.8934626785210975
907251100,3.3497574099730714
535451190,3.471555437243909
902103150,
902128020,2.9493129091122343
911102090,2.805504700332575
903425340,1.9414759693367152
527402200,3.7130526163406294
527301080,3.253161209065224
923275140,5.60808130221515
535475010,3.8051768615186483
532354230,2.465579912458367
528150040,3.958835471033039
533244040,2.2685075905272316
531450030,3.479869630652111
527354040,3.188995718804111
535305120,2.950525844683228
535151100,3.036042348045467
902304040,2.623045235040402
906392130,3.3686345510144218
528358030,2.844214415128419
906380210,3.4447722863713954
527452100,3.2034293753743226
527450150,3.378569965769667
907125090,3.6354352109610093
908130020,1.9594178693048678
907194160,3.7359340639160084
907131060,3.5111097288997986
531363060,3.8505810910156075
903484110,2.057537238094203
535402090,3.7173529700963504
902402010,3.3486834852913625
526355170,3.6730450240917354
535301160,2.984864927047789
905480160,0.9290234388482979
527107120,4.057725394470683
902201140,3.397436613392129
534479130,2.5201432443851393
528186080,3.4461486456167685
923225510,5.20811393282972
535180070,3.509964198067998
903456110,
905104030,2.4952253147887227
528346050,2.912946282648146
906392110,3.3637370938341666
535375130,3.013446724087139
527357020,2.938409894077007
903227140,2.2414150131791364
534175140,2.2916508029894223
902106140,2.4260530984310598
923228200,5.366814572342419
527353020,3.0493495033952325
907290150,2.9095729770465217
535176050,3.63720742210826
528280180,3.6326015530418543
909451150,
906402060,2.973704907784353
527403360,3.4886988606541522
534176250,2.4097602949407118
527378020,2.965328082209705
903455030,1.8670853103627583
908275090,1.5159071613547594
528120110,3.850687581076014
535450100,3.4574074445053564
527301010,3.370762767682491
535302200,3.108991972975574
909252220,0.9561314785397793
923227030,5.354913645104637
527107240,3.9726104465572667
916226030,2.5162372636490318
909178160,1.043298959302498
906201022,3.0571680420679463
908102020,2.618389607847306
531380080,3.585643726893846
527376100,3.2279049757484577
905200280,1.6202623917234031
535402140,3.73432964517253
905101100,2.3143075226281242
527226020,4.282011126538559
535451230,3.507704179999017
528360050,2.6520005307880963
907265010,3.246681665152817
531375140,3.6671880712854854
535125060,3.703334541414465
908186060,1.9927741257143807
526351030,3.844034893471306
535451100,3.5387498520674896
905451050,1.46268191093733
905226080,1.2361088268018692
924151050,5.7529593428525745
903232190,2.1716221993900455
905103130,2.2327134261376296
902427140,3.6388082604306953
535152050,3.2393366166627673
907262070,3.4427859572969033
527327080,3.482444835604434
527146030,4.0766997591039775
903427120,2.2701529923300847
533352075,1.1228050332820005
907265030,3.23903973957045
531380110,3.5321895427852024
903232100,2.236675126852645
909428180,1.6645492231426435
534476150,2.2744236158066653
527378010,2.963770010679401
924100040,5.189514733972275
909275020,0.7832568293918636
909101190,0.7549936932637032
903206120,1.9332122875191642
904301410,0.9801087623949778
907295040,2.7240169576831645
907176010,3.5043424215969385
905100060,2.3690889513249225
532376110,2.0115873380792535
914460020,4.867180883645072
528188020,
527454200,3.216439862945785
528482030,2.951157437920496
907280100,2.753084939767297
527110080,3.9726104465572667
528118090,3.853685011043078
535105110,3.5588843188710158
526354020,3.7211235067271913
535477130,3.8898416978516788
905452070,
906378110,3.3801813188257546
909426090,1.3928801396801538
533236090,2.37942245231832
908275280,1.4960669963483646
903228090,2.368353992613307
531385070,3.5008134939830655
916403040,
527356050,2.833222843924488
527166030,3.6349461753370327
907290230,2.979757706348991
528186050,3.4466281772288783
535452120,3.6189072208187767
528482130,2.857828010904885
534403050,2.466644902519069
533244030,2.2691260245287954
528365080,2.6466099685928692
902206090,3.3184411659067456
909425010,1.2225903306709713
916384080,3.5702534895509475
909101330,1.0119756569703708
535380110,3.1991576237097314
903236010,2.3048513366135968
905101200,1.9939570791957597
531375110,3.704266945090497
907405030,3.4294175733198546
908276230,1.4046103705823376
909256060,1.1354276439860291
527108030,4.214875650039209
906475100,2.7899731689552207
907275010,2.9326928891208484
527404100,3.528312408135978
905403150,1.4248706853664628
533350120,1.4647502063619302
909254010,1.073560297617186
533221040,2.223150256429123
902401120,
533254050,1.7954564762381107
535178120,3.2531067642946896
527403020,3.6028213235590623
916125360,3.173940704732998
909277040,1.071840601956197
527302175,3.3892285001750566
905101490,2.362579257080605
907227100,2.9011042772847744
911370510,3.2972720908217
907414030,3.3506923674308142
909275110,0.9894171843998556
905200260,1.6866408520037726
902105130,2.7144010405402956
534453140,1.993659966239277
907203070,2.9636656055193047
910226040,2.0238386912078234
905451410,1.560224624685905
907295020,2.721067937570285
533250190,2.0458043083265447
527450010,3.378569965769667
906385020,3.671698029720866
902109140,
534403100,2.560314117985759
535453080,3.6929417982117703
528250100,3.825238123907097
907130100,3.3494394103890412
535152280,3.252047656639066
528166090,3.6628293367425737
528480040,2.9114579683027575
535300040,3.0223605095253707
533215070,2.297520822757806
527451520,3.2279473095418587
905475270,1.0011603931648239
908102030,2.6181505521653534
923125030,
909177100,1.1147496649366213
902302150,2.652147933369665
907201160,3.2371693982818908
527453060,3.3617560916716624
905225020,1.4567605276869797
528181010,3.5631002927254487
917425190,3.400918229923368
528180130,3.514634323997437
531363030,3.8098639501473017
902102060,2.851376286756524
923229040,5.347349692160195
903450110,
909256020,1.132425431988681
533221110,2.2232692731303696
526355080,3.7565437012087286
907181120,3.781614884143923
903234160,2.39149496604057
535454030,3.4137701181117515
534152070,2.1178608576995566
905106170,2.3536458579966704
909257050,1.1702897017552865
534252060,2.8039101106257056
903200080,1.8088258943802127
907126010,3.638640438356136
908154040,
907285020,2.8705755684859295
902109130,2.4890462034886753
903450060,1.6718051789637922
916455010,3.220638203890379
535152070,3.238476565136945
902206270,3.2135701986853173
534427090,2.782794079571216
909279040,
533130020,2.3887958889893897
527455270,3.0809975007118715
526302110,3.8629904900469034
905401100,1.493341473858654
903227150,2.243073830483435
534251320,2.5936337361557857
909100080,0.7210164180112733
905200160,1.62086356880248
914478020,5.223633018644637
527451650,3.2510959699875475
528142150,4.008326881233071
531452210,3.3751483069538972
528168030,3.6683908710525253
923202105,5.139220861893734
911103060,2.710407379935659
534401190,2.171926813263133
907175100,3.5858382359426244
902110010,2.6523291938393916
534431020,2.6458619212419787
908186080,2.0029184329535887
903233030,2.34917048676486
902406070,3.4481524029455524
532354010,2.416540588260158
916380070,3.639191459669148
903425420,1.9434615569922822
907227030,2.9213451140736533
910205120,1.8983538630160899
906201120,3.135263545766721
923251080,5.424163725330658
534451080,1.9759704988036295
902103090,2.5801635031864136
909428240,1.6987699707887938
528120130,3.846468426465738
907255030,3.2191235750308196
908102270,2.4916362762089213
909100150,0.7530633674524806
903231060,2.176315808543801
923201020,5.008869378027547
534429150,2.6123340050351054
534129060,2.6614000169807634
534151090,2.0838368294101564
910204050,1.8820180081482405
535457040,3.6054051867098957
903426200,2.2238029069354766
535383070,3.242004267887998
535353180,2.541755230584224
908128050,2.023474271303847
528429050,3.2420975470480817
527455240,3.170645511976583
906476030,2.485458588592084
909254140,1.1494929071486337
527359030,2.852189913747339
533251110,2.0712845683788856
908178050,2.175775372661496
923225040,5.158513976701497
916455110,3.344809157429168
531452050,3.255923494266079
905351045,2.1713629400714813
905100030,2.3763417340584456
909101100,0.8194175755870376
902201130,3.395831761501705
527162140,3.7204391319182593
527108040,4.21718244948252
534476080,2.3423165830101405
902404010,3.200640285233696
902328040,2.8866595375974344
908102060,2.5765977675241087
533250130,2.0691139558979925
535380010,3.3314500833147864
532353130,2.5350460568050917
531363050,3.814697809324844
908154080,
534455030,2.1469722087315994
905352180,
916382100,3.558680013700191
906201130,3.133734501572927
534125210,2.478860055763211
535126140,3.54783506782916
535126010,3.711348343200061
533252040,1.9617310467981466
527356060,2.8271084980744927
535151020,3.1614270925553662
528294050,3.671186833394532
923205015,5.145749530935881
527183060,3.829757232520694
904351280,
912251110,
914465020,4.803603207383539
916386060,3.7000324364497166
528250020,3.9099571848726207
532476080,1.6948307851153495
527453070,3.36065363977564
902134120,2.7954838436498446
903452090,1.863344530516631
533212110,2.3821779825723834
902301060,2.6321344111344414
534276040,2.9390445353284216
909280070,1.16595864022524
527451640,3.250097114823529
916460070,3.321721501028651
528120150,3.8470906469860573
902125160,2.875771580046022
535154130,3.333338087944989
527165230,3.614535986114668
907412090,3.4082041495921684
528228465,3.993147088137461
907126050,3.6598417607634985
906204230,2.9944255561887028
903233220,2.2804102983265047
528280150,3.6176354246500484
527403040,3.60728719240689
533253090,1.8794614794258078
528180080,3.5163250921461238
528118020,3.872827552890916
534477030,2.4829121178803413
532353020,2.4876180920493285
527162120,3.7279044985077925
903425110,2.0782235598587495
907285010,2.877000266318719
907192150,3.7579048044643253
532353050,2.4755076319008724
528280230,3.6686409921593173
907280090,2.9326928891208484
531450090,3.4389759664945396
905351089,2.185538086354413
905452120,
923275080,5.507548825939018
908275200,1.4733613979361333
904352190,0.7174629013342978
923275090,5.507548825939018
923425030,5.718799859437856
527256120,
534202130,2.9895799768413025
527450250,3.378569965769667
903232170,2.1680141523284515
531369020,3.7255428953532603
906380220,3.4384488628607404
902106120,2.424779428577748
535325450,3.077971557504123
527402060,3.661699048039506
909426080,1.4398474714167577
527165020,3.5290854499532465
916403130,2.989058526016359
527162130,3.7249182856040033
535450070,3.4913741150558053
905107310,2.0545904360821616
902104020,2.6952389243340957
905109130,1.8776823309537705
527146010,4.075608274055236
527107090,4.00181404806243
535152250,3.244926572518115
902401010,3.200831073113782
528363130,2.8196621542594427
534201250,2.8502558331264365
527455100,3.284126649044232
528240050,3.8337692604150853
906424010,2.730979277000929
535456020,3.5847803077148495
535125090,3.716709938685528
905477050,
923228370,5.361014561511144
535425010,3.8432878575069513
907425030,2.9510810083218604
909254100,1.1559516666593914
533253210,1.7811763308290418
908203090,1.6480069221461062
907255060,3.2044654402645363
528366040,2.622035219028093
534127080,2.660967636278066
528228455,4.0011521594606085
535380140,3.2060248065131964
527163070,3.6744835659354345
907130110,3.342610557993145
528116030,3.8886385625470714
902106040,2.5614639758827535
527190050,3.954798011944735
903231030,2.1792893865488834
903231080,2.152416420460195
902327040,3.16604596512628
535303050,2.940301581449514
909251170,0.9408573555706022
914478110,5.25656196628269
902326060,3.0289426546050433
923225310,5.345639833623275
528429090,
527359080,2.7740928665765106
535303030,2.9317210512305483
914475020,4.9007506280469295
903454060,1.8126977527572063
528120160,3.8475758706743797
923252100,5.628684969316337
905426030,1.238173874456437
535476360,3.81956697522775
528364110,2.7503295005619264
532376180,2.145874567734611
907250020,3.358497511886549
528235010,3.915804992637019
528142130,4.008326881233071
905475150,1.058113543955623
902105020,2.820167330441191
527165130,3.6614867269513915
902202150,3.4856197427894924
527105030,3.9037180652699135
535152200,3.17703659363346
907410080,3.168012101720898
916386080,3.7000324364497166
534479240,2.505789802506413
916386040,3.458564510897099
527161040,3.7155809029000175
528490070,2.8362187100238816
909175050,0.8792553990404199
908275040,1.5441168180370266
534104090,2.573876538384657
528218090,3.9670080946305735
532378110,2.0247494742683907
527355280,3.1983829944031386
535151040,3.1559229043282615
910203090,1.7639790117924892
535151080,3.1262164804331194
923228390,5.3570197859033115
527405180,3.5580350074208265
923225300,5.347945794570894
923230180,5.480417191225225
527256030,
528188040,
902125120,2.8695095105670543
534202170,2.9155476253284927
905477010,1.1182782636922697
923226250,5.329753660659991
907203010,2.9411185088326373
535351050,2.873398841050306
906420130,2.8009535369379637
534428020,2.7771119793399643
907192020,3.5423940018175175
528386040,2.7865983651731567
902406090,3.474293472956689
535353050,2.6645654240202172
532376080,1.9718341616298956
903231130,2.147294546622424
527455080,3.264051112607591
528250010,3.9133011591049
909101010,0.8997644576544093
909275050,0.8312111385349523
527302060,3.2788876027008484
534450110,1.895373375202898
535382130,3.035138792871076
535105030,3.481580222819631
533253050,1.850586474075912
528138060,3.748712719255294
535377070,3.3624694399341237
905201120,1.5539475558099811
923204150,5.014579437445142
907135040,3.7259260334985913
903204040,2.0676461382962668
905100080,2.33852112180525
910202100,1.9753820434412726
903454100,1.7957382731988858
528292020,3.48123799281808
903231070,2.174550914223487
528110010,4.136026125936897
528228325,4.1581958314151555
534401110,2.3025042569190295
908226130,1.0950098554072576
534252090,2.7996528945264445
902330090,3.040340463249734
535354070,2.8117440875810855
916326010,3.1180732474789057
905200380,1.6784822745715096
902406030,3.53376810310269
535354200,2.6787682387492673
923226150,5.500918786578961
903234050,2.4335011888748173
532353030,2.4843255647131937
534431070,2.703989480084685
528435050,3.141587273695378
528482040,2.9524162264088796
904101070,1.0070089419455854
528102040,4.098810993126127
527452060,3.246020278223324
534127260,2.7096022345049886
907275140,2.7427701559890583
903201020,1.8102630914380455
534278150,3.0496152784504833
527182040,3.8631967839986436
528120020,3.9214045077809607
905476120,
910201130,1.854544113931428
905201020,1.5583410375992102
905450020,
535181030,3.624847378556028
913350030,5.183049517370456
531451020,3.330401166190312
531452140,3.312032351754884
906201023,3.055471086795536
902205020,
904302030,0.6723912610027915
905105200,2.4636054200122315
905108170,1.9733641454369215
534129370,2.5359134680387228
528275160,3.7193700912203025
914476520,4.8851235853586275
905451330,1.5658527673824039
903401050,1.92158283583846
905101310,2.038741081718118
903232090,2.2376678699168457
535425070,3.8522851410904866
907227300,2.9344009226266876
902306130,2.6188659437374953
903202170,1.9758378500113178
902207010,3.3716645603279773
535478070,3.7605932422396156
902109010,2.517073530077116
907185050,3.4062180967779976
534275220,2.681217817996881
535450220,3.334186533318216
902305080,2.640380824730888
535304100,2.9343268356558934
528250040,3.9033699965967728
907262030,3.3562717546357335
907285040,2.8577312989751893
535302080,3.1588126566397174
905107250,2.1426368529053965
535179020,3.474396510089124
533217060,2.3157384343056133
527165100,3.5806494964013575
528290120,3.798829837926497
535101110,3.416897494781068
535402220,
533208080,2.3983288272281604
916225130,2.308306003983824
910200110,1.6427795123817883
534479150,2.5151281102233445
528294010,3.695280399392752
905102170,1.9331772674477197
532376170,2.14267983329117
905377050,1.939934792917185
534430050,2.505191707926546
908128100,2.1508396898703372
903205040,1.9566902711544372
905402060,1.458157384849963
909275030,0.7840810672570286
907192040,3.5614671202738233
906223180,2.8450678518909593
